Product,Image,URL,Energiaväärtus (kJ),Energiaväärtus (kcal),Rasvad (g),millest küllastunud rasvhapped (g),Süsivesikud (g),millest suhkrud (g),Kiudained (g),Valgud (g),Sool (g),Category
McMuffin™ sealiha ja munaga,https://mcdonalds.ee/wp-content/uploads/2019/07/0000s_0006_McD_web2021_Beakfast-Muffin-PorkEgg.jpg,https://mcdonalds.ee/tooted/mcmuffin-sealiha-ja-munaga/,1812,434,25,11,26,2.7,1.6,25,1.8,Hommikueine
McMuffin™ sealihaga,https://mcdonalds.ee/wp-content/uploads/2019/07/McD_web2021_Beakfast-Muffin-Pork.png,https://mcdonalds.ee/tooted/mcmuffin-sealihaga/,1439,344,18,8.5,26,2.5,1.6,18,1.7,Catch Products
McToast™ topelt juustuga,https://mcdonalds.ee/wp-content/uploads/2019/07/McD_web2021_Beakfast-Toast2xcheese.png,https://mcdonalds.ee/tooted/mctoast-topelt-juustuga/,1041,248,10.0,5.6,28,5.6,2.0,10,1.5,Catch Products
Hommiku McWrap™ kana ja peekoniga,https://mcdonalds.ee/wp-content/uploads/2019/07/0000s_0002_McD_web2021_Beakfast-Wrap-ChickenBacon.jpg,https://mcdonalds.ee/tooted/hommiku-mcwrap-kana-ja-peekoniga/,2046,489,26.0,7.6,44,3.4,2.9,18.0,3.0,Hommikueine
McMuffin™ munaga,https://mcdonalds.ee/wp-content/uploads/2019/12/McD_web2021_Beakfast-Muffin-Egg.png,https://mcdonalds.ee/tooted/mcmuffin-munaga/,1209,289,13.0,,26,2.3,1.6,16.0,1.2,Catch Products
Hommiku McWrap™ sealiha ja munaga,https://mcdonalds.ee/wp-content/uploads/2019/07/0000s_0001_McD_web2021_Beakfast-Wrap-PorkEgg.jpg,https://mcdonalds.ee/tooted/hommiku-mcwrap-sealiha-ja-munaga/,2335,560,36.0,13,35,3.7,2.2,23.0,3.30,Hommikueine
McToast™ peekoni ja juustuga,https://mcdonalds.ee/wp-content/uploads/2019/07/McD_web2021_Beakfast-Toast-BaconCheese.png,https://mcdonalds.ee/tooted/mctoast-peekoni-ja-juustuga/,1172,280,13,6.8,28,5.6,2.0,12,1.7,Catch Products
Kartulikook,https://mcdonalds.ee/wp-content/uploads/2019/07/McD_web2021_Potato-pie-2.png,https://mcdonalds.ee/tooted/kartulikook/,558,134,7.7,0.8,14,0.3,1.5,1,0.69,Hommikueine
McMuffin™ peekoni ja munaga,https://mcdonalds.ee/wp-content/uploads/2019/07/0000s_0000_McD_web2021_Beakfast-Muffin_BaconEgg.jpg,https://mcdonalds.ee/tooted/mcmuffin-peekoni-ja-munaga/,1327,317,15.00,6.8,26,2.2,1.9,18.0,1.30,Hommikueine
DeLuxe McMuffin™ kanaga,https://mcdonalds.ee/wp-content/uploads/2019/07/0000s_0010_McD_web2021_Beakfast-Muffin-ChickenDeluxe.jpg,https://mcdonalds.ee/tooted/deluxe-mcmuffin-kanaga/,1437,343,14.0,2.7,38,2.9,3.7,14.0,1.8,Hommikueine
DeLuxe McMuffin™ sealihaga,https://mcdonalds.ee/wp-content/uploads/2019/07/0000s_0011_McD_web2021_Beakfast-Muffin_Pork_DeLuxe.jpg,https://mcdonalds.ee/tooted/deluxe-mcmuffin-sealihaga/,1571,376,21.0,8.5,28,3.2,3.0,18.0,1.8,Hommikueine
Kahekordne DeLuxe McMuffin™ sealihaga,https://mcdonalds.ee/wp-content/uploads/2019/07/0000s_0009_McD_web2021_Beakfast-Muffin-DoublePorkDeLuxe.jpg,https://mcdonalds.ee/tooted/kahekordne-deluxe-mcmuffin-sealihaga/,2132,511,32,12,28,4,2.0,28,2.60,Hommikueine
Big Mac®,https://mcdonalds.ee/wp-content/uploads/2025/04/web_BigMac25.png,https://mcdonalds.ee/tooted/big-mac-3/,,,,,,,,,,Burgerid Ja Vrapid
Grand Big Mac®,https://mcdonalds.ee/wp-content/uploads/2025/04/web_GrandBigMac25.png,https://mcdonalds.ee/tooted/grand-big-mac/,2925,700,39,15,50,11.9,3.4,35,3.3,Burgerid Ja Vrapid
Mac Jr.®,https://mcdonalds.ee/wp-content/uploads/2025/04/web_JuniorMac25.png,https://mcdonalds.ee/tooted/mac-jr/,1856,444,23,8,38,9.8,2.7,21,2.1,Burgerid Ja Vrapid
McWrap™ kalaga,https://mcdonalds.ee/wp-content/uploads/2024/05/web_Wrap24-Fish.png,https://mcdonalds.ee/tooted/mcwrap-kalaga/,1749,417,18,4.7,46,3.4,3.0,18,2.0,Burgerid Ja Vrapid
McWrap™ veiselihaga,https://mcdonalds.ee/wp-content/uploads/2024/05/web_Wrap24-Beef.png,https://mcdonalds.ee/tooted/mcwrap-veiselihaga/,2462,590,36,11,40,4,2,26,2,Burgerid Ja Vrapid
McCrispy®,https://mcdonalds.ee/wp-content/uploads/2023/10/web_McCrispy-1.png,https://mcdonalds.ee/tooted/mccrispy/,2241,535,25,2.4,56,12.9,2.3,21,2.3,Burgerid Ja Vrapid
Big Tasty™,https://mcdonalds.ee/wp-content/uploads/2019/07/0001s_0013_McD_web2021_BigTasty.jpg,https://mcdonalds.ee/tooted/big-tasty/,2841,681,42,18,36,7.6,2.5,39,1.8,Burgerid Ja Vrapid
Tasty Jr.™,https://mcdonalds.ee/wp-content/uploads/2021/08/McD_web2021_TastyJR.png,https://mcdonalds.ee/tooted/tasty-jr/,1504,360,18,7.6,32,6.8,2.7,16,1.4,Bestsellerid
Kahekordne Big Tasty™,https://mcdonalds.ee/wp-content/uploads/2019/07/0001s_0008_McD_web2021_DoubleBigTasty.jpg,https://mcdonalds.ee/tooted/kahekordne-big-tasty/,4361,1047,70,30,37,8.3,2.6,66,2.6,Burgerid Ja Vrapid
Kanaburger,https://mcdonalds.ee/wp-content/uploads/2019/07/McD_web2021_Chickenburger.png,https://mcdonalds.ee/tooted/kanaburger/,1371,327,14,2.0,37,5.5,2.8,11,1.4,Bestsellerid
Hamburger,https://mcdonalds.ee/wp-content/uploads/2021/08/McD_web2021_Hamburger.png,https://mcdonalds.ee/tooted/hamburger/,1061,252,8.9,3.5,29,7.0,1.9,13,1.1,Bestsellerid
Juustuburger,https://mcdonalds.ee/wp-content/uploads/2019/07/McD_web22_Chesseburger.png,https://mcdonalds.ee/tooted/juustuburger/,1264,301,13,6.1,30,7.5,1.9,16,1.6,Bestsellerid
DeLuxe veiseburger,https://mcdonalds.ee/wp-content/uploads/2023/01/web_Deluxe-Beef-burger.png,https://mcdonalds.ee/tooted/deluxe-veiseburger/,1576,376,18,6,36,8,3,17,2,Edap Products
DeLuxe kanaburger,https://mcdonalds.ee/wp-content/uploads/2023/01/web_Deluxe-Chickenburger.png,https://mcdonalds.ee/tooted/deluxe-kanaburger/,1739,415,19,5,44,8,3,16,2,Edap Products
Kahekordne juustuburger,https://mcdonalds.ee/wp-content/uploads/2019/07/McD_web22_DoubleChesseburger.png,https://mcdonalds.ee/tooted/kahekordne-juustuburger/,1863,446,23,12,31,8.1,2.1,26,2.4,Burgerid Ja Vrapid
McRoyal®,https://mcdonalds.ee/wp-content/uploads/2019/07/McD_web2021_McRoyal-03.png,https://mcdonalds.ee/tooted/mcroyal/,2219,530,27,14,38,10,2,32,3,Burgerid Ja Vrapid
Kahekordne Big Tasty™ peekoniga,https://mcdonalds.ee/wp-content/uploads/2019/07/0001s_0007_McD_web2021_DoubleBigTastyBacon.jpg,https://mcdonalds.ee/tooted/kahekordne-big-tasty-peekoniga/,4491,1078,72,31,37,8.3,2.6,68,2.8,Burgerid Ja Vrapid
Big Tasty™  peekoniga,https://mcdonalds.ee/wp-content/uploads/2019/07/0001s_0012_McD_web2021_BigTastyBaconi.jpg,https://mcdonalds.ee/tooted/big-tasty-peekoniga/,2972,712,44,19,36,7.6,2.5,41,2.0,Burgerid Ja Vrapid
McWrap™ kana ja peekoniga,https://mcdonalds.ee/wp-content/uploads/2021/08/McD_web2021_ChickenWrap.png,https://mcdonalds.ee/tooted/mcwrap-kana-ja-peekoniga/,2344,560,26,5.4,54,5.4,4.6,25,2.7,Burgerid Ja Vrapid
Filet-o-Fish™,https://mcdonalds.ee/wp-content/uploads/2019/07/0001s_0004_McD_web2021_Filet-O-Fish.jpg,https://mcdonalds.ee/tooted/filet-o-fish/,1433,342,14,2.7,37,5.6,2.6,15,1.5,Burgerid Ja Vrapid
McChicken™,https://mcdonalds.ee/wp-content/uploads/2019/07/McD_web2021_McChicken.png,https://mcdonalds.ee/tooted/mcchicken/,1838,438,17,2.0,49,8.2,3.1,21,1.9,Burgerid Ja Vrapid
Õunaviilud,https://mcdonalds.ee/wp-content/uploads/2019/07/0007s_0006_McD_web2021_AppleSlices.jpg,https://mcdonalds.ee/tooted/ounaviilud/,224,54,0.4,0.1,13,12,1.4,0.1,0.0,Salat
Caesari salat kanaga,https://mcdonalds.ee/wp-content/uploads/2019/07/McD_web2021_CrispyChicken-salads.png,https://mcdonalds.ee/tooted/caesari-salat-kanaga/,1354,324,17,5.5,17,3,3.6,24,1.5,Salat
Aedviljasalat,https://mcdonalds.ee/wp-content/uploads/2019/07/McD_web2021_Side-Salads.png,https://mcdonalds.ee/tooted/aedviljasalat/,67,16,0.2,,1.9,1.3,1.5,0.8,0.06,Salat
Vürtsikad Chicken McNuggets™ 4 tk,https://mcdonalds.ee/wp-content/uploads/2023/07/Web_Spicy4McNuggets_salv-1.png,https://mcdonalds.ee/tooted/vurtsikad-chicken-mcnuggets-4-tk/,780,186,10,0.9,13,0.5,0.5,11,0.8,Suupisted
Suured McShaker™ paprikamaitselised friikartulid,https://mcdonalds.ee/wp-content/uploads/2025/05/web2021_McShakerFries.png,https://mcdonalds.ee/tooted/suured-mcshaker-paprikamaitselised-friikartulid/,1848,442,21,2.0,56,1.0,5.5,5.4,1.4,Suupisted
Keskmised McShaker™ paprikamaitselised friikartulid,https://mcdonalds.ee/wp-content/uploads/2025/05/web2021_McShakerFries.png,https://mcdonalds.ee/tooted/keskmised-mcshaker-paprikamaitselised-friikartulid/,1412,338,16,1.5,43,0.9,4.2,4.1,1.14,Suupisted
Tulised kanatiivad 5 tk,https://mcdonalds.ee/wp-content/uploads/2025/03/web_HotChickenWings-5.png,https://mcdonalds.ee/tooted/tulised-kanatiivad-5-tk/,2546,611,40,8.6,23,1.7,0.9,79,2.8,Suupisted
Tulised kanatiivad 3 tk,https://mcdonalds.ee/wp-content/uploads/2025/03/web_HotChickenWings-3.png,https://mcdonalds.ee/tooted/tulised-kanatiivad-3-tk/,1527,366,24,5.2,14,1,0.5,24,1.7,Suupisted
"Krõbedad kanapalad, 5 tk",https://mcdonalds.ee/wp-content/uploads/2024/04/web_ChickenStrips-5.png,https://mcdonalds.ee/tooted/krobedad-kanapalad-5-tk/,2749,657,34,4.6,47,0.5,1.8,39,3.0,Suupisted
"Krõbedad kanapalad, 3 tk",https://mcdonalds.ee/wp-content/uploads/2024/04/web_ChickenStrips-3.png,https://mcdonalds.ee/tooted/krobedad-kanapalad-3-tk/,1649,394,21,2.8,28,0.3,1.1,23,1.8,Suupisted
Vürtsikad Chicken McNuggets™ 20 tk,https://mcdonalds.ee/wp-content/uploads/2023/07/Web_Spicy20McNuggets_salv-2.png,https://mcdonalds.ee/tooted/vurtsikad-chicken-mcnuggets-20-tk/,3900,932,50,4.7,66,2.6,2.3,55,3.9,Suupisted
Vürtsikad Chicken McNuggets™ 9 tk,https://mcdonalds.ee/wp-content/uploads/2023/07/Web_Spicy9McNuggets_salv-3.png,https://mcdonalds.ee/tooted/vurtsikad-chicken-mcnuggets-9-tk/,1755,420,22,2.1,30,1.2,1.0,25,1.8,Suupisted
Vürtsikad Chicken McNuggets™ 6 tk,https://mcdonalds.ee/wp-content/uploads/2023/07/Web_Spicy6McNuggets_salv.png,https://mcdonalds.ee/tooted/vurtsikad-chicken-mcnuggets-6-tk/,1170,280,15,1.4,20,0.8,0.7,16,1.2,Suupisted
"Friikartulid, väiksed",https://mcdonalds.ee/wp-content/uploads/2019/02/McD_web2021_Fries-small.png,https://mcdonalds.ee/tooted/friikartulid-vaiksed/,968,231,11,1.0,29,0.3,2.8,2.8,0.55,Bestsellerid
McToast™ topelt juustuga,https://mcdonalds.ee/wp-content/uploads/2019/07/McD_web2021_Beakfast-Toast2xcheese.png,https://mcdonalds.ee/tooted/mctoast-topelt-juustuga/,1041,248,10.0,5.6,28,5.6,2.0,10,1.5,Catch Products
Chicken McNuggets™ 4 tk,https://mcdonalds.ee/wp-content/uploads/2020/07/McD_web2021_ChickenNuggets-4.png,https://mcdonalds.ee/tooted/chicken-mcnuggets-4-tk/,740,176,8.6,1.0,13,0.5,0.7,11,0.82,Bestsellerid
McToast™ peekoni ja juustuga,https://mcdonalds.ee/wp-content/uploads/2019/07/McD_web2021_Beakfast-Toast-BaconCheese.png,https://mcdonalds.ee/tooted/mctoast-peekoni-ja-juustuga/,1172,280,13,6.8,28,5.6,2.0,12,1.7,Catch Products
"Friikartulid, keskmised",https://mcdonalds.ee/wp-content/uploads/2019/07/McD_web2021_Fries-medium-1.png,https://mcdonalds.ee/tooted/friikartulid-keskmised/,1379,330,16,1.5,41,0.4,4,3.9,0.79,Suupisted
"Friikartulid, suured",https://mcdonalds.ee/wp-content/uploads/2021/07/McD_web2021_Fries-large-1.png,https://mcdonalds.ee/tooted/friikartulid-suured/,1815,434,21,2.0,54,0.5,5.3,5.2,1.0,Suupisted
"BBQ kartulid, keskmised",https://mcdonalds.ee/wp-content/uploads/2020/10/web_BBQ-fries-medium.png,https://mcdonalds.ee/tooted/bbq-kartulid-keskmised/,1339,319,12,1.1,45,1.6,4.7,4.7,2.3,Suupisted
"BBQ kartulid, suured",https://mcdonalds.ee/wp-content/uploads/2021/07/web_BBQ-fries-large.png,https://mcdonalds.ee/tooted/bbq-kartulid-suured/,1728,412,16,1.4,58,2.0,6.0,6.0,3.0,Suupisted
Chicken McNuggets™ 6 tk,https://mcdonalds.ee/wp-content/uploads/2019/07/McD_web2021_ChickenNuggets-6.png,https://mcdonalds.ee/tooted/chicken-mcnuggets-6-tk/,1120,268,14.0,1.7,19,0.4,1.40,17.00,1.30,Suupisted
Chicken McNuggets™ 20 tk,https://mcdonalds.ee/wp-content/uploads/2019/07/McD_web2021_ChickenNuggets-20.png,https://mcdonalds.ee/tooted/chicken-mcnuggets-20-tk/,3698,882,43,5.2,67,2.4,3.3,55,4.1,Suupisted
Chicken McNuggets™ 9 tk,https://mcdonalds.ee/wp-content/uploads/2021/07/McD_web2021_ChickenNuggets-9.png,https://mcdonalds.ee/tooted/chicken-mcnuggets-9-tk/,1664,397,19,2.4,30,1.1,1.5,25,1.8,Suupisted
Mini McFlurry™ Nutella®,https://mcdonalds.ee/wp-content/uploads/2025/05/McD_web_Mini-FlurryNutella.png,https://mcdonalds.ee/tooted/mini-mcflurry-nutella/,845,201,7.0,3.5,30,26,0.5,4.1,0.16,Magustoidud
Mini McFlurry™ Oreo®,https://mcdonalds.ee/wp-content/uploads/2025/05/McD_web_Mini-FlurryOreo.png,https://mcdonalds.ee/tooted/mini-mcflurry-oreo/,727,173,5.3,2.7,27,22,0.4,3.6,0.21,Magustoidud
Mini McFlurry™ pistaatsiaga,https://mcdonalds.ee/wp-content/uploads/2025/05/McD_web_Mini-FlurryPistachio.png,https://mcdonalds.ee/tooted/mini-mcflurry-pistaatsiaga/,855,204,7.5,2.7,30,21.98,0.6,4.2,0.16,Magustoidud
McFlurry™ Nutella®,https://mcdonalds.ee/wp-content/uploads/2025/05/McD_web_FlurryNutella.png,https://mcdonalds.ee/tooted/mcflurry-nutella/,1311,312,9.9,5.2,49,41,0.7,6.5,0.27,Magustoidud
McFlurry™ pistaatsiaga,https://mcdonalds.ee/wp-content/uploads/2025/05/McD_web_FlurryPistachio.png,https://mcdonalds.ee/tooted/mcflurry-pistaatsiaga/,1561,372,14.0,4.7,53,38,1.2,7.5,0.29,Magustoidud
"Kohvikokteil, 400 ml",https://mcdonalds.ee/wp-content/uploads/2025/05/McD_web_Vanilla-EspressoShake.png,https://mcdonalds.ee/tooted/kohvikokteil-400-ml/,1328,314,5.9,3.9,57,52,0.0,8.2,0.29,Magustoidud
Virsiku-jogurtipirukas,https://mcdonalds.ee/wp-content/uploads/2025/04/web_PIE-PeachCreamcheese.png,https://mcdonalds.ee/tooted/virsiku-jogurtipirukas/,986,236,12,3.4,29,10,1.3,3.0,0.31,Magustoidud
Vahvlijäätis,https://mcdonalds.ee/wp-content/uploads/2024/05/McD_web_IceCone.png,https://mcdonalds.ee/tooted/vahvlijaatis/,686.2,162.6,3.7,2.5,28.2,21.2,0.3,3.9,0.1,Magustoidud
Ananassipulk,https://mcdonalds.ee/wp-content/uploads/2023/05/web_Pineaple.png,https://mcdonalds.ee/tooted/ananassipulk/,160,38,0.2,0.1,7.9,6.5,1.4,0.3,0.01,Magustoidud
Karamelli McSundae™,https://mcdonalds.ee/wp-content/uploads/2021/03/McD_web2021_McSundae-caramell-stikls.png,https://mcdonalds.ee/tooted/karamelli-mcsundae/,1207,286,6.1,4.1,53,38,0.00,4.70,0.28,Bestsellerid
Šokolaadi McSundae™,https://mcdonalds.ee/wp-content/uploads/2021/03/McD_web2021_McSundae-Chocolate-stikls.png,https://mcdonalds.ee/tooted/sokolaadi-mcsundae/,1171,278,8.2,6.4,45,42,1.3,5.5,0.4,Bestsellerid
Maasika McSundae™,https://mcdonalds.ee/wp-content/uploads/2021/03/McD_web2021_McSundae-Strawberry-stikls.png,https://mcdonalds.ee/tooted/maasika-mcsundae/,959,227,4.1,2.8,43,37,0.6,4.1,0.16,Bestsellerid
Õunapirukas,https://mcdonalds.ee/wp-content/uploads/2021/07/McD_web2021_Pie-Apple.png,https://mcdonalds.ee/tooted/ounapirukas/,955,228,12.0,2.8,28,9,1.5,2.3,0.3,Bestsellerid
"Šokolaadi jäätisekokteil, 250 ml",https://mcdonalds.ee/wp-content/uploads/2019/07/McD_web2021_Milkshake-Chocolate250.png,https://mcdonalds.ee/tooted/sokolaadi-jaatisekokteil-250-ml/,859,203,4.0,,26,30,0.7,5.5,0.4,Bestsellerid
"Maasika jäätisekokteil, 250 ml",https://mcdonalds.ee/wp-content/uploads/2019/07/McD_web2021_Milkshake-Strawberry250-1.png,https://mcdonalds.ee/tooted/maasika-jaatisekokteil-250-ml/,834,197,3.7,2.5,36,33,,5.1,0.19,Bestsellerid
McFlurry™ Oreo®,https://mcdonalds.ee/wp-content/uploads/2019/07/McD_web2021_Flurry-Oreo_stils.png,https://mcdonalds.ee/tooted/mcflurry-oreo/,1268,301,9.7,5.8,48,37,0.6,5.7,0.22,Magustoidud
"Šokolaadi jäätisekokteil, 400 ml",https://mcdonalds.ee/wp-content/uploads/2021/07/McD_web2021_Milkshake-Chocolate400.png,https://mcdonalds.ee/tooted/sokolaadi-jaatisekokteil-400-ml/,1375,326,6.4,4.3,57,48,1.1,8.9,0.62,Magustoidud
"Vanilli jäätisekokteil, 250 ml",https://mcdonalds.ee/wp-content/uploads/2019/07/McD_web2021_Milkshake-Vanilla250-1.png,https://mcdonalds.ee/tooted/vanilli-jaatisekokteil-250-ml/,828,196,3.7,2.5,36,33,,5.1,0.18,Bestsellerid
"Vanilli jäätisekokteil, 400 ml",https://mcdonalds.ee/wp-content/uploads/2021/07/McD_web2021_Milkshake-Vanilla400.png,https://mcdonalds.ee/tooted/vanilli-jaatisekokteil-400-ml/,1325,313,5.9,3.9,57,52,,8.1,0.29,Magustoidud
"Maasika jäätisekokteil, 400 ml",https://mcdonalds.ee/wp-content/uploads/2021/07/McD_web2021_Milkshake-Strawberry400.png,https://mcdonalds.ee/tooted/maasika-jaatisekokteil-400-ml/,1335,316,5.9,3.9,58,54,,8.1,0.30,Magustoidud
Mee-sinepikaste,https://mcdonalds.ee/wp-content/uploads/2024/03/web_Sauce-HoneyMustard.png,https://mcdonalds.ee/tooted/mee-sinepikaste/,183,44,1.4,0.2,7.4,5.6,0.2,0.3,0.31,Kastmed
Kokteilikaste,https://mcdonalds.ee/wp-content/uploads/2024/11/McD_web2021_Sauce_Cocktail.png,https://mcdonalds.ee/tooted/kokteilikaste/,555,135,14.0,1.1,1.7,1.4,0.1,0.4,0.47,Kastmed
Netheri kaste,https://mcdonalds.ee/wp-content/uploads/2025/04/web_NetherSauce1.png,https://mcdonalds.ee/tooted/netheri-kaste/,126,30,0.4,0.0,6.3,5.5,0.3,0.2,0.56,Kastmed
Kreemjas tšillikaste,https://mcdonalds.ee/wp-content/uploads/2024/03/web_Sauce-CremyChili.png,https://mcdonalds.ee/tooted/kreemjas-tsillikaste/,268,65,5.0,0.4,4.5,3.7,0.2,0.2,0.19,Kastmed
Hapukoorekaste,https://mcdonalds.ee/wp-content/uploads/2019/07/0006s_0002_McD_web2021_Sauce-SourCreem.jpg,https://mcdonalds.ee/tooted/hapukoorekaste/,441,107,11,1.4,2.3,2.1,0.1,0.5,0.45,Kastmed
Ketšup,https://mcdonalds.ee/wp-content/uploads/2019/07/0006s_0009_McD_web2021_Sauce_ketcups.jpg,https://mcdonalds.ee/tooted/ketsup/,58,14,0.0,0.0,3.1,2.2,0.2,0.2,0.24,Kastmed
Magushapu kaste,https://mcdonalds.ee/wp-content/uploads/2019/07/0006s_0001_McD_web2021_Sauce-SweetSource.jpg,https://mcdonalds.ee/tooted/magushapu-kaste/,212,50,0.3,,12,8.4,,0.1,0.31,Kastmed
Küüslaugukaste,https://mcdonalds.ee/wp-content/uploads/2019/07/0006s_0003_McD_web2021_Sauce-Garlic.jpg,https://mcdonalds.ee/tooted/kuuslaugukaste/,696,169,18.0,1.4,0.9,0.7,0.1,0.3,0.36,Kastmed
BBQ-kaste,https://mcdonalds.ee/wp-content/uploads/2019/07/0006s_0007_McD_web2021_Sauce-BBQ.jpg,https://mcdonalds.ee/tooted/bbq-kaste/,202,48,0.3,,11,8.9,,0.2,0.61,Kastmed
Caesari kaste,https://mcdonalds.ee/wp-content/uploads/2019/07/0006s_0006_McD_web2021_Sauce-Caesary.jpg,https://mcdonalds.ee/tooted/caesari-kaste/,412,100,9.1,1.4,3,2.3,0.1,1.4,0.82,Kastmed
"Coca-Cola®, 250 ml",https://mcdonalds.ee/wp-content/uploads/2019/07/McD_web2021_Cola_200.png,https://mcdonalds.ee/tooted/coca-cola-250-ml/,452,107,0.0,0.0,26,26,0.0,0.0,0.0,My Combo
"Coca-Cola Zero®, 250 ml",https://mcdonalds.ee/wp-content/uploads/2019/07/McD_web2021_Cola-Zero_200.png,https://mcdonalds.ee/tooted/coca-cola-zero-250-ml/,3,1,0.0,,,,0.0,0.0,0.08,My Combo
"Coca-Cola®, 500 ml",https://mcdonalds.ee/wp-content/uploads/2019/07/McD_web2021_Cola_500.png,https://mcdonalds.ee/tooted/coca-cola-500-ml/,904,213,0.0,0.0,53,53,0.0,0.0,0.0,Kulmad Joogid
"Coca-Cola Zero®, 400 ml",https://mcdonalds.ee/wp-content/uploads/2019/07/McD_web2021_Cola-Zero_400.png,https://mcdonalds.ee/tooted/coca-cola-zero-400-ml/,4,1,0.0,,,,0.0,0.0,0.12,Kulmad Joogid
"Coca-Cola®, 400 ml",https://mcdonalds.ee/wp-content/uploads/2019/07/McD_web2021_Cola_400.png,https://mcdonalds.ee/tooted/coca-cola-400-ml/,723,170,0.0,0.0,42,42,0.0,0.0,0.0,Kulmad Joogid
"Coca-Cola Zero®, 500 ml",https://mcdonalds.ee/wp-content/uploads/2019/07/McD_web2021_Cola-Zero_500.png,https://mcdonalds.ee/tooted/coca-cola-zero-500-ml/,6,2,0.0,,,,0.0,0.0,0.15,Kulmad Joogid
"Fanta®, 250 ml",https://mcdonalds.ee/wp-content/uploads/2019/07/McD_web2021_Fanta_200.png,https://mcdonalds.ee/tooted/fanta-250-ml/,438,103,0.0,,26,26,0.0,0.0,0.0,My Combo
"Fanta®, 400 ml",https://mcdonalds.ee/wp-content/uploads/2019/07/McD_web2021_Fanta_400.png,https://mcdonalds.ee/tooted/fanta-400-ml/,700,165,0.0,,41,41,0.0,0.0,0.0,Kulmad Joogid
"Fanta®, 500 ml",https://mcdonalds.ee/wp-content/uploads/2019/07/McD_web2021_Fanta_500.png,https://mcdonalds.ee/tooted/fanta-500-ml/,876,206,0.0,,52,52,0.0,0.0,0.0,Kulmad Joogid
"Sprite®, 400 ml",https://mcdonalds.ee/wp-content/uploads/2019/07/McD_web2021_Sprite_400.png,https://mcdonalds.ee/tooted/sprite-400-ml/,619,146,,,36.4,36.4,,,0.30,Kulmad Joogid
"Sprite®, 250 ml",https://mcdonalds.ee/wp-content/uploads/2019/07/McD_web2021_Sprite_200.png,https://mcdonalds.ee/tooted/sprite-250-ml/,387,619,,,22.8,22.8,,,0.19,My Combo
"Sprite®, 500 ml",https://mcdonalds.ee/wp-content/uploads/2021/07/McD_web2021_Sprite_500.png,https://mcdonalds.ee/tooted/sprite-500-ml/,774,182,,,46,46,,,0.38,Kulmad Joogid
Mineraalvesi,https://mcdonalds.ee/wp-content/uploads/2019/07/McD_web2021_SanBenedetto-nat.png,https://mcdonalds.ee/tooted/mineraalvesi/,,,0.0,,,,0.0,0.0,0.0,Kulmad Joogid
"Lipton® virsiku jäätee, 500 ml",https://mcdonalds.ee/wp-content/uploads/2021/07/McD_web2021_Lipton-tee-500.png,https://mcdonalds.ee/tooted/lipton-virsiku-jaatee-500-ml/,391,92,0.0,,23,23,0.0,0.0,0.15,Kulmad Joogid
"Lipton® virsiku jäätee, 250 ml",https://mcdonalds.ee/wp-content/uploads/2019/07/McD_web2021_Lipton-tee_250.png,https://mcdonalds.ee/tooted/lipton-virsiku-jaatee-250-ml/,196,46,0.0,,12,11,0.0,0.0,0.1,My Combo
"Lipton® virsiku jäätee, 400 ml",https://mcdonalds.ee/wp-content/uploads/2021/07/McD_web2021_Lipton-tee_400.png,https://mcdonalds.ee/tooted/lipton-virsiku-jaatee-400-ml/,313,74,0.0,,18,18,0.0,0.0,0.12,Kulmad Joogid
Gaseeritud mineraalvesi,https://mcdonalds.ee/wp-content/uploads/2021/01/McD_web2021_SanBenedetto-friz.png,https://mcdonalds.ee/tooted/gaseeritud-mineraalvesi/,,,0.0,,,,0.0,0.0,0.0,Kulmad Joogid
"Cappy® õunamahl, 250 ml",https://mcdonalds.ee/wp-content/uploads/2019/07/McD_web2021_Apple-juice_250.png,https://mcdonalds.ee/tooted/cappy-ounamahl-250-ml/,535,125,0.0,,30,29,1.5,0.30,0.0,Kulmad Joogid
"Cappy® õunamahl, 400 ml",https://mcdonalds.ee/wp-content/uploads/2021/07/McD_web2021_Apple-juice400.png,https://mcdonalds.ee/tooted/cappy-ounamahl-400-ml/,753,177,0.0,,44,44,,0.3,0.0,Kulmad Joogid
Piim,https://mcdonalds.ee/wp-content/uploads/2019/07/McD_web2021_rasens.png,https://mcdonalds.ee/tooted/piim/,376,90,3,2,9.6,9.6,,6,0.2,Kulmad Joogid
Maasikapiim “Rasēns”,https://mcdonalds.ee/wp-content/uploads/2019/12/McD_web2021_rasens-strawberry.png,https://mcdonalds.ee/tooted/maasikapiim-rasens/,572,136,3.0,2.0,22,22,0.0,5.6,0.20,Kulmad Joogid
"Must kohv, 300 ml",https://mcdonalds.ee/wp-content/uploads/2021/07/McD_web_Coffee_2022_Black_300-1.png,https://mcdonalds.ee/tooted/must-kohv-300-ml/,26,6,0.0,,0.9,0.9,0.0,0.6,0.01,Kuumad Joogid
Espresso,https://mcdonalds.ee/wp-content/uploads/2019/07/McD_web_Coffee_2022_Espresso-2.png,https://mcdonalds.ee/tooted/espresso/,3,1,0.0,,0.1,0.1,0.0,0.1,0.00,Edap Products
Topelt espresso,https://mcdonalds.ee/wp-content/uploads/2021/07/McD_web_Coffee_2022_DoubleEspresso-2.png,https://mcdonalds.ee/tooted/topelt-espresso/,6,1,0.0,,0.2,0.2,0.0,0.1,0.00,Kuumad Joogid
"Must kohv, 200 ml",https://mcdonalds.ee/wp-content/uploads/2020/01/McD_web_Coffee_2022_Black_200-2.png,https://mcdonalds.ee/tooted/must-kohv-200-ml/,17,4,0.0,,0.6,0.6,0.0,0.4,0.0,Bestsellerid
"Must kohv, 400 ml",https://mcdonalds.ee/wp-content/uploads/2021/07/McD_web_Coffee_2022_Black_400-1.png,https://mcdonalds.ee/tooted/must-kohv-400-ml/,34,8,0.0,,1.2,1.2,0.0,0.8,0.01,Kuumad Joogid
"Must kohv piimaga, 200 ml",https://mcdonalds.ee/wp-content/uploads/2020/02/McD_web_Coffee_2022_withMilk_200-1.png,https://mcdonalds.ee/tooted/must-kohv-piimaga-200-ml/,141,34,1.7,1.0,2.9,2.9,,1.9,0.06,Bestsellerid
"Must kohv piimaga, 300 ml",https://mcdonalds.ee/wp-content/uploads/2020/02/McD_web_Coffee_2022_withMilk_300-1.png,https://mcdonalds.ee/tooted/must-kohv-piimaga-300-ml/,199,48,2.3,1.4,4.1,4.1,,2.6,0.09,Kuumad Joogid
"Cappuccino, 300 ml",https://mcdonalds.ee/wp-content/uploads/2021/07/McD_web_Coffee_2022_Cappuccino_300-1.png,https://mcdonalds.ee/tooted/cappuccino-300-ml/,390,93,4.9,3.0,7.4,7.4,0.0,4.8,0.17,Kuumad Joogid
"Cappuccino, 200 ml",https://mcdonalds.ee/wp-content/uploads/2020/04/McD_web_Coffee_2022_Cappuccino_200-1.png,https://mcdonalds.ee/tooted/cappuccino-200-ml/,311,74,4.0,2.4,5.9,5.9,0.0,3.8,0.1,Bestsellerid
"Must kohv piimaga, 400 ml",https://mcdonalds.ee/wp-content/uploads/2021/07/McD_web_Coffee_2022_withMilk_400-1.png,https://mcdonalds.ee/tooted/must-kohv-piimaga-400-ml/,307,73,3.6,2.2,6.2,6.2,,4,0.13,Kuumad Joogid
"Cappuccino, 400 ml",https://mcdonalds.ee/wp-content/uploads/2021/07/McD_web_Coffee_2022_Cappuccino_400-1.png,https://mcdonalds.ee/tooted/cappuccino-400-ml/,523,126,6.6,4,10,10,0.0,6.4,0.23,Kuumad Joogid
"Caffè Latte, 400 ml",https://mcdonalds.ee/wp-content/uploads/2021/07/McD_web_Coffee_2022_Latte_400-1.png,https://mcdonalds.ee/tooted/caffe-latte-400-ml/,521,124,6.6,4.0,9.9,9.9,0.0,6.4,0.23,Kuumad Joogid
"Caffè Latte, 300 ml",https://mcdonalds.ee/wp-content/uploads/2019/07/McD_web_Coffee_2022_Latte_300-1.png,https://mcdonalds.ee/tooted/caffe-latte-300-ml/,465,111,5.90,3.6,8.8,8.8,0.0,5.6,0.20,Kuumad Joogid
Flat White,https://mcdonalds.ee/wp-content/uploads/2019/07/McD_web_Coffee_2022_FlatWhite_300-1.png,https://mcdonalds.ee/tooted/flat-white/,458,108,8.0,5,12,12,0.0,8.5,0.25,Kuumad Joogid
"Must tee, 200 ml",https://mcdonalds.ee/wp-content/uploads/2019/07/McD_web_Tee22_black200.png,https://mcdonalds.ee/tooted/must-tee-200-ml/,4,1,0.0,,,,0.0,0.2,0.0,Kuumad Joogid
"Must tee, 400 ml",https://mcdonalds.ee/wp-content/uploads/2021/08/McD_web_Tee22_black400.png,https://mcdonalds.ee/tooted/must-tee-400-ml/,8,2,0.0,,,,0.0,0.4,0.01,Kuumad Joogid
"Kibuvitsa-vaarika tee, 200 ml",https://mcdonalds.ee/wp-content/uploads/2021/08/McD_web_Tee22_raspberry200.png,https://mcdonalds.ee/tooted/kibuvitsa-vaarika-tee-200-ml/,7,2,0.0,,0.4,0.4,0.0,0.0,0.01,Kuumad Joogid
"Kibuvitsa-vaarika tee, 400 ml",https://mcdonalds.ee/wp-content/uploads/2021/08/McD_web_Tee22_raspberry400.png,https://mcdonalds.ee/tooted/kibuvitsa-vaarika-tee-400-ml/,14,3,0.0,,0.8,0.8,0.0,0.0,0.01,Kuumad Joogid
"Must tee, 300 ml",https://mcdonalds.ee/wp-content/uploads/2021/08/McD_web_Tee22_black300.png,https://mcdonalds.ee/tooted/must-tee-300-ml/,5,1,0.0,,,,0.0,0.3,0.01,Kuumad Joogid
"Piparmündi tee, 200 ml",https://mcdonalds.ee/wp-content/uploads/2021/08/McD_web_Tee22_peppermint200.png,https://mcdonalds.ee/tooted/piparmundi-tee-200-ml/,7,2,0.0,,0.4,0.4,0.0,0.0,0.01,Kuumad Joogid
"Piparmündi tee, 300 ml",https://mcdonalds.ee/wp-content/uploads/2021/08/McD_web_Tee22_peppermint300.png,https://mcdonalds.ee/tooted/piparmundi-tee-300-ml/,10,2,0.0,,0.6,0.6,0.0,0.0,0.01,Kuumad Joogid
"Kibuvitsa-vaarika tee, 300 ml",https://mcdonalds.ee/wp-content/uploads/2021/08/McD_web_Tee22_raspberry300.png,https://mcdonalds.ee/tooted/kibuvitsa-vaarika-tee-300-ml/,10,2,0.0,,0.6,0.6,0.0,0.0,0.01,Kuumad Joogid
"Piparmündi tee, 400 ml",https://mcdonalds.ee/wp-content/uploads/2021/08/McD_web_Tee22_peppermint400.png,https://mcdonalds.ee/tooted/piparmundi-tee-400-ml/,14,3,0.0,,0.8,0.8,0.0,0.0,0.01,Kuumad Joogid
"Roheline tee, 200 ml",https://mcdonalds.ee/wp-content/uploads/2021/08/McD_web_Tee22_green200.png,https://mcdonalds.ee/tooted/roheline-tee-200-ml/,7,2,0.0,,0.4,0.4,0.0,0.0,0.01,Kuumad Joogid
"Roheline tee, 400 ml",https://mcdonalds.ee/wp-content/uploads/2021/08/McD_web_Tee22_green400.png,https://mcdonalds.ee/tooted/roheline-tee-400-ml/,14,3,0.0,,0.8,0.8,0.0,0.0,0.01,Kuumad Joogid
"Roheline tee, 300 ml",https://mcdonalds.ee/wp-content/uploads/2021/08/McD_web_Tee22_green300.png,https://mcdonalds.ee/tooted/roheline-tee-300-ml/,10,2,0.0,,0.6,0.6,0.0,0.0,0.01,Kuumad Joogid
